{"cameraMode":{"drawMode":0,"name":"Shaded","section":"Shading Mode"},"sceneLighting":true,"audioPlay":false,"sceneViewState":{"showFog":true,"showMaterialUpdate":false,"showSkybox":true,"showFlares":true,"showImageEffects":true,"showParticleSystems":true},"in2DMode":false,"pivot":{"x":-13.106801986694336,"y":11.041641235351563,"z":9.701576232910157},"rotation":{"x":-0.03080163709819317,"y":0.0772792398929596,"z":-0.0023875588085502388,"w":-0.9965476393699646},"size":26.780887603759767,"orthographic":true}