{"cameraMode":{"drawMode":0,"name":"Shaded","section":"Shading Mode"},"sceneLighting":true,"audioPlay":false,"sceneViewState":{"showFog":true,"showMaterialUpdate":false,"showSkybox":true,"showFlares":true,"showImageEffects":true,"showParticleSystems":true},"in2DMode":false,"pivot":{"x":-13.71542739868164,"y":4.121784210205078,"z":9.036713600158692},"rotation":{"x":-0.6539631485939026,"y":0.001355874352157116,"z":-0.0011717191664502025,"w":-0.7565457224845886},"size":26.780887603759767,"orthographic":true}